tild3231-3161-4461-b831-373163316430__white_mdi_gift.svg	https://static.tildacdn.com/tild3231-3161-4461-b831-373163316430/white_mdi_gift.svg
tild3233-3539-4661-b536-396435623133__jira-icon-2048x2048-.png	https://static.tildacdn.com/tild3233-3539-4661-b536-396435623133/jira-icon-2048x2048-.png
tild3262-3638-4963-b930-336364643035__Frame20335663.jpg	https://static.tildacdn.com/tild3262-3638-4963-b930-336364643035/Frame20335663.jpg
tild3263-3666-4134-a166-386335313636__2138181c-cf7a-4b6d-b.png	https://static.tildacdn.com/tild3263-3666-4134-a166-386335313636/2138181c-cf7a-4b6d-b.png
tild3332-6562-4166-a362-373435396130__mdi_gift.svg	https://static.tildacdn.com/tild3332-6562-4166-a362-373435396130/mdi_gift.svg
tild3333-6239-4061-b438-376664363561__6b216377-487f-41d6-a.png	https://static.tildacdn.com/tild3333-6239-4061-b438-376664363561/6b216377-487f-41d6-a.png
tild3336-3938-4634-b562-643833653437__Frame_335661.png	https://static.tildacdn.com/tild3336-3938-4634-b562-643833653437/Frame_335661.png
tild3339-6138-4463-b835-393262326262__3752cf87-471e-47bf-8.png	https://static.tildacdn.com/tild3339-6138-4463-b835-393262326262/3752cf87-471e-47bf-8.png
tild3362-6432-4032-b362-343663623136__951663b1-b491-4aca-a.png	https://static.tildacdn.com/tild3362-6432-4032-b362-343663623136/951663b1-b491-4aca-a.png
tild3433-6363-4331-b831-623438353864__docker.svg	https://static.tildacdn.com/tild3433-6363-4331-b831-623438353864/docker.svg
tild3437-6638-4863-b539-666337633233__redis.svg	https://static.tildacdn.com/tild3437-6638-4863-b539-666337633233/redis.svg
tild3462-3332-4562-b134-376163373563__Vector_49.svg	https://static.tildacdn.com/tild3462-3332-4562-b134-376163373563/Vector_49.svg
tild3463-3862-4164-b937-326236313265___2025-10-28_16285612.png	https://static.tildacdn.com/tild3463-3862-4164-b937-326236313265/_2025-10-28_16285612.png
tild3534-3761-4936-a562-313134633261__Go_Logo_Blue.svg	https://static.tildacdn.com/tild3534-3761-4936-a562-313134633261/Go_Logo_Blue.svg
tild3539-6539-4366-b961-366530353164__f4308953-492c-454f-a.png	https://static.tildacdn.com/tild3539-6539-4366-b961-366530353164/f4308953-492c-454f-a.png
tild3565-3138-4731-b337-343662356464__Frame_335662.svg	https://static.tildacdn.com/tild3565-3138-4731-b337-343662356464/Frame_335662.svg
tild3637-3861-4765-b434-323563396364__Frame20335664.png	https://static.tildacdn.com/tild3637-3861-4765-b434-323563396364/Frame20335664.png
tild3639-6462-4863-a161-656161623661__Frame_335661.png	https://static.tildacdn.com/tild3639-6462-4863-a161-656161623661/Frame_335661.png
tild3835-6535-4132-b130-316131666639__86631921-fe38-4d6e-b.png	https://static.tildacdn.com/tild3835-6535-4132-b130-316131666639/86631921-fe38-4d6e-b.png
tild3863-3631-4332-b162-616336663865__ep_menu.svg	https://static.tildacdn.com/tild3863-3631-4332-b162-616336663865/ep_menu.svg
tild3930-3435-4562-a239-363935356663__4bb3ec72-1275-4369-8.png	https://static.tildacdn.com/tild3930-3435-4562-a239-363935356663/4bb3ec72-1275-4369-8.png
tild3963-6437-4563-b735-316438346566__Vector_49.svg	https://static.tildacdn.com/tild3963-6437-4563-b735-316438346566/Vector_49.svg
tild3966-3330-4633-a563-303033383835__photo.svg	https://static.tildacdn.com/tild3966-3330-4633-a563-303033383835/photo.svg
tild6337-3831-4163-b662-383765303437__Frame_335661.png	https://static.tildacdn.com/tild6337-3831-4163-b662-383765303437/Frame_335661.png
tild6433-6566-4166-b038-656537346165__Kubernetes_logo_with.png	https://static.tildacdn.com/tild6433-6566-4166-b038-656537346165/Kubernetes_logo_with.png
tild6462-3539-4362-b039-383163326530__d21e7fc0-922b-47c6-b.png	https://static.tildacdn.com/tild6462-3539-4362-b039-383163326530/d21e7fc0-922b-47c6-b.png
tild6633-3135-4163-b065-396665383630__Frame_335665.jpg	https://static.tildacdn.com/tild6633-3135-4163-b065-396665383630/Frame_335665.jpg
